,Unique Values,Count
1036,,1
645,1-100,1
358,1-200,3
755,1-300,1
373,100 B.C.-100 A.D.,3
381,100 B.C.-A.D. 100,3
709,100 B.C.-A.D. 400,1
34,100 BC-100 AD,82
379,100 BC-200 AD,3
578,100 BC-300 AD,2
1093,100-30 B.C.,1
275,100-300,5
946,1035-94,1
1098,107-88 B.C.,1
540,1070-332 B.C.,2
967,1070-664 B.C.,1
840,1070-664 BC,1
1122,1070-945 BC or earlier,1
714,1076-664 B.C.,1
398,1086-30 B.C.,3
944,1094-1101,1
44,10th century,58
1003,10th century and dated 646 AH,1
55,10th-11th century,47
39,10th-12th century,70
494,10th-14th century,2
505,10th-15th century,2
890,10th-early 11th century,1
328,1100-332 BC,4
1203,117-138,1
30,11th century,95
43,11th-12th century,58
663,11th-13th century,1
539,1200-1070 BC,2
247,1295-1070 B.C.,5
556,1295-1070 BC,2
45,12th century,57
160,12th-13th century,11
159,12th-14th century,11
489,12th-15th century,2
509,12th-19th century,2
526,13 B.C.,2
1005,1327-1295 BC,1
750,1353-1336 BC,1
109,13th century,18
747,13th or 14th century,1
640,13th-12th century BC,1
24,13th-14th century,125
410,13th-15th century,3
40,13th-16th century,62
52,14th century,50
7,14th-15th century,383
1083,150 BC-200 AD,1
874,150-1 BC,1
1120,1550-1070 B.C.,1
1012,1550-30 B.C.,1
54,15th century,48
126,15th-16th century,15
166,16th century,9
453,16th century or later,2
1035,16th-17th century,1
219,17th century,6
492,17th-18th century,2
1067,180-145 B.C.,1
1109,18th century,1
1007,18th or 19th century,1
1110,18th-19th century,1
819,1907-1908,1
851,1908,1
357,1908-1910,3
457,1908-1914,2
775,1909,1
844,1909-10,1
359,1909-1910,3
496,1911,2
548,1912,2
503,1914,2
531,1914-1915,2
852,1924-1925,1
437,19th century,2
708,1st Century  B.C.-1st Century A.D.,1
690,1st Century B.C. to 1st Century A.D.,1
267,1st Century B.C. to 5th Century A.D.,5
692,1st Century B.C. to 5th Century A.D. or later,1
654,1st Millennium,1
557,1st Millennium BC-1st Millennium AD,2
635,1st century,1
501,1st century B.C.,2
1176,1st century B.C. or earlier,1
341,1st century B.C.-A.D. 1st century,3
901,1st century B.C.-A.D. 2nd century or later,1
440,1st century B.C.-A.D. 4th century,2
730,1st century BC,1
243,1st century BC-1st century AD,5
633,1st century BCE-1st century CE,1
342,1st to 2nd Century A.D.,3
337,1st-2nd century,4
211,1st-3rd Century A.D.,7
524,1st-4th century or later,2
1072,1st-7th century,1
481,1st-mid 4th century,2
345,1st-mid 4th century or later,3
1178,200 B.C.-A.D. 100,1
1165,200 B.C.-A.D. 50,1
81,200 BC-100 AD,27
148,200 BC-200 AD,12
558,200-150 B.C.,2
347,200-30 B.C.,3
1099,210-204 B.C.,1
882,222-204 B.C.,1
377,222-205 B.C.,3
745,246 B.C.-221 B.C.,1
656,246-221 B.C.,1
257,246-222 B.C.,5
1205,250-300,1
1135,27 B.C.-A.D. 14,1
1128,278-270 B.C.,1
619,280 B.C.,1
387,285,3
1185,285-246 B.C.,1
1049,285-246 B.C. probably,1
487,2nd century,2
1017,2nd century A.D.,1
765,2nd century B.C. or early 1st century B.C.,1
764,"2nd century B.C., perhaps",1
384,2nd century B.C.-4th century A.D.,3
1174,2nd century B.C.-A.D. 2nd century,1
770,2nd century B.C.-A.D. 4th century,1
1166,2nd century B.C.-A.D. 50,1
760,2nd century BC or later,1
935,2nd century BC-1st century AD,1
145,2nd century BC-2nd century AD,13
272,2nd-1st century B.C.,5
630,2nd-1st century BC,1
161,2nd-3rd century,11
622,2nd-6th century,1
245,2nd-7th century,5
573,2nd-9th century,2
422,2nd-early 4th century,2
683,30 B.C.-A.D. 30,1
1191,30 B.C.-A.D. 30 or later,1
112,30 B.C.-A.D. 330,17
25,30 B.C.-A.D. 364,108
641,30 B.C.-A.D. 364.,1
124,30 BCE-364 CE,15
1081,300 B.C. approximately,1
716,300 B.C.-A.D. 50,1
643,300 BC-100 AD,1
1113,300-100 BC,1
1095,300-150 B.C.,1
527,300-250 B.C.,2
1059,304 AH,1
959,304 B.C.-30 B.C.,1
1079,304 B.C.-A.D. 100,1
66,304 B.C.-A.D. 364,36
837,304 B.C.-A.D. 364 B.C.,1
1033,304-247 B.C.,1
106,304-30 B.C.,19
931,305-282 B.C.,1
326,305-30 B.C.,4
65,306-30 B.C.,36
538,332 B.C.-A.D. 364,2
943,332 BC-200 AD,1
566,332 BC-364 AD,2
1094,332-150 B.C.,1
1088,332-250 B.C.,1
900,332-280 B.C.,1
1096,332-290 B.C.,1
35,332-30 B.C.,81
553,332-30 B.C. or later,2
1152,332-30 B.C. probably,1
1097,"332-30 B.C., perhaps",1
140,332-30 BC,13
870,332-30 BC or later,1
861,332-323 B.C.,1
754,343 B.C. or before,1
727,343-30 B.C.,1
1082,350-300 B.C.,1
863,350-450,1
383,360-343 B.C.,3
872,373 AH,1
426,380-246 B.C.,2
529,380-30 B.C.,2
575,380-300 B.C.,2
568,380-332 B.C.,2
555,380-343 B.C.,2
1058,390-343 B.C.,1
1115,393 B.C.,1
1167,3nd-7th century,1
177,3rd century,9
719,3rd century B.C.,1
488,3rd century BC,2
763,3rd century BC-3rd century AD,1
332,3rd to 4th Century A.D.,4
691,3rd to 4th Century A.D. or later,1
442,3rd-10th century,2
1048,3rd-12th centruy,1
38,3rd-12th century,71
707,3rd-1st century B.C.,1
570,3rd-2nd century BC,2
8,3rd-4th century,365
216,3rd-5th century,6
666,3rd-5th century or later,1
241,3rd-6th century,5
105,3rd-7th century,19
214,3rd-8th century,6
1139,3rd-9th century,1
449,3rd-early 4th century,2
906,3rd-late 1st century BC,1
731,3rd-late 2nd century B.C.,1
135,400-200 B.C.,14
233,400-200 BC,6
428,400-250 B.C.,2
73,400-30 B.C.,33
141,400-30 BC,13
739,400-300 B.C.,1
1018,485-465 BC,1
751,4rd century B.C. or later,1
21,4th century,142
1039,"4th century -30 B.C., perhaps",1
133,4th century B.C.,14
806,4th century B.C. or later,1
486,"4th century B.C., late",2
1100,4th century B.C.-1st century A.D.,1
1172,4th century B.C.-A.D. 1st century,1
297,4th century B.C.-A.D. 6th century or later,4
671,4th century BC or later,1
535,4th to 3rd Century B.C.,2
375,4th-2nd century B.C.,3
171,4th-3rd century B.C.,9
17,4th-5th century,215
89,4th-6th century,25
221,4th-7th century,6
612,4th-8th century,1
684,4th-9th century,1
937,4th-early 3rd century B.C.,1
689,4th-late 1st century BC,1
584,4th-mid 2nd century BC,2
810,500-100 BC,1
307,500-200 B.C.,4
728,500-200 BC,1
808,500-30 BC,1
513,500-599,2
459,521-486 B.C.,2
1112,522 B.C.,1
448,522-30 B.C.,2
134,522-343 B.C.,14
697,525-30 B.C.,1
121,525-30 BC,16
431,525-332 B.C.,2
598,525-332 BC,1
1119,525-380 B.C.,1
1032,525-404 B.C.,1
235,525-404 BC,6
623,550-300 B.C.,1
1117,550-500 B.C.,1
476,570-30 BC,2
1130,570-300 B.C.,1
589,570-525 B.C.,1
772,570-525 BC,1
183,570-526 B.C.,8
213,570-526 BC,6
203,589-570 B.C.,7
1116,589-570 BC or later,1
1106,594-558 B.C.,1
223,595-30 B.C.,6
187,595-380 BC,8
1182,595-526 B.C.,1
913,595-589 B.C.,1
706,5th Century A.D. or later,1
20,5th century,154
826,5th-4th Century B.C.,1
609,5th-4th century B.C.,1
11,5th-6th century,330
75,5th-7th century,31
279,5th-8th century,4
407,5th-9th century,3
308,600 BC-100 AD,4
677,600-1000,1
734,600-200 B.C.,1
665,600-200 BC,1
445,600-275 BC,2
530,600-300 BC,2
767,600-550 B.C.,1
1129,600-550 BC,1
869,600-570 BC,1
477,600-900,2
911,610-595 B.C.,1
749,610-595 BC,1
876,611-594 B.C.,1
580,618-29,2
1164,640-60,1
1061,650-400 B.C.,1
608,656 B.C. or later,1
322,656-610 B.C.,4
1078,660-870,1
682,660-880,1
253,664 B.C. or later,5
695,664 B.C.-30 B.C,1
507,664 B.C.-A.D. 1st century,2
579,664-200 B.C.,2
825,664-30 B.C,1
12,664-30 B.C.,318
729,"664-30 B.C., probably",1
200,664-30 BC,7
1132,664-300 B.C.,1
16,664-332 B.C.,231
907,664-332 B.C. and Modern,1
664,664-332 B.C. or earlier,1
306,664-332 BC,4
829,664-343 B.C,1
350,664-343 B.C.,3
63,664-380 B.C.,39
607,664-404 B.C. or later,1
64,664-525 B.C.,38
434,664-525 BC,2
733,664-570 B.C.,1
14,664-610 B.C.,288
1092,664-656 B.C. or longer,1
1118,688-252 B.C.,1
603,688-332 B.C.,1
596,688-343 B.C.,1
197,688-525 B.C.,7
382,690-610 B.C.,3
444,690-645 B.C.,2
443,690-645 BC,2
47,6th century,56
1091,6th century B.C.,1
162,6th century BC,11
416,6th century or later,3
1069,6th-12th century,1
303,6th-3rd century BC,4
585,6th-4th century BC,2
15,6th-7th century,248
1009,6th-7th century century,1
90,6th-8th century,24
204,6th-9th century,7
676,700-650 B.C.,1
1121,743-49,1
673,750-525 BC,1
868,750-664 BC,1
948,751-58,1
626,778 CE,1
962,780-525 B.C.,1
117,7th century,16
591,7th century BC,1
1013,"7th century, possibly",1
766,7th to 6th century B.C.,1
329,7th-10th century,4
659,7th-11th century,1
625,7th-16th century,1
1077,7th-17th century,1
875,7th-4th century B.C.,1
42,7th-8th century,60
184,7th-9th century,8
670,7th-late 4th century BC,1
1150,80-30 B.C.,1
726,800-1000,1
669,800-640 BC,1
972,808-810,1
522,810-1010,2
1104,847-61,1
313,868-905,4
947,892-902,1
93,8th century,24
153,8th-10th century,12
84,8th-9th century,27
1155,908-32,1
891,909-1171,1
698,945-332 BC,1
721,945-600 BC,1
930,946-74,1
76,9th century,31
67,9th-10th century,36
181,9th-11th century,9
271,9th-12th century,5
1038,9th-14th century,1
629,9th-15th century,1
246,9th-19th century,5
1187,A.D. 100-125,1
1180,A.D. 100-150,1
647,A.D. 100-300,1
1170,A.D. 120-140,1
343,A.D. 120-150,3
1189,A.D. 130-150,1
724,A.D. 14-37,1
1188,A.D. 140-170,1
1201,A.D. 150 perhaps,1
1193,A.D. 150-200,1
1190,A.D. 160-180,1
1138,A.D. 190-210,1
354,A.D. 1909-1910,3
774,A.D. 1910-11,1
351,A.D. 1910-1911,3
227,A.D. 1913,6
206,A.D. 1914-1915,7
130,A.D. 1914-1916,15
953,"A.D. 1914-1916, original ca. 1479-1458 B.C.",1
287,A.D. 1915,4
439,A.D. 1916,2
954,A.D. 1917,1
854,A.D. 1920,1
845,A.D. 1920-21,1
956,A.D. 1921,1
831,A.D. 1921-1922,1
202,A.D. 1922,7
846,A.D. 1922-23,1
850,A.D. 1923-1924,1
1074,A.D. 1923-27,1
433,A.D. 1924,2
286,A.D. 1925,4
523,A.D. 1926,2
1076,A.D. 1926-27,1
998,A.D. 1928,1
971,A.D. 1929,1
848,A.D. 1930-31,1
91,A.D. 1st century,24
1202,"A.D. 1st century, middle",1
128,A.D. 1st-2nd century,15
255,A.D. 1st-4th century,5
1204,A.D. 1st-mid 2nd century,1
1199,A.D. 225-250,1
1136,A.D. 270-280,1
152,A.D. 2nd century,12
1177,A.D. 2nd century or later,1
1171,A.D. 2nd century perhaps,1
1195,"A.D. 2nd century, early",1
1198,"A.D. 2nd century, perhaps about 140 A.D.",1
194,A.D. 2nd-3rd century,8
1173,"A.D. 2nd-3rd century, probably",1
771,A.D. 2nd-6th century,1
460,A.D. 2nd-7th century,2
723,A.D. 37-41,1
273,A.D. 3rd century,5
1168,A.D. 3rd century or later,1
355,A.D. 3rd century perhaps,3
642,A.D. 3rd-4th century,1
468,A.D. 41-68,2
467,A.D. 4th century,2
470,A.D. 50-100,2
1196,A.D. 50-150,1
1127,A.D. 80-100,1
1126,A.D. 90-100,1
1169,A.D. 90-120,1
1200,A.D. 98-117,1
1206,A.D. late 1st century probably,1
601,First half of First Millennium B.C.,1
828,"High Priest of Amun ca. 1064-1055 B.C., then co-regent",1
965,Late 1st century B.C. - early 1st century A.D.,1
658,Late 4th-3rd century B.C.,1
752,Model: A.D. 1913-1916,1
1066,Original ca. 1184-1153 B.C.,1
693,Probably 3rd to 4th Century A.D.,1
681,after 100,1
711,after 1400,1
534,after 200,2
632,after 300,1
679,after 364,1
1052,after 423 BC,1
207,after 600,7
634,"after 600, perhaps",1
454,before 1200,2
822,ca,1
832,ca 1184-1070 B.C.,1
374,ca 1186-1070 B.C.,3
1055,"ca, 1200-332 B.C.",1
769,ca.  664-332 B.C.,1
699,ca. 100 B.C. - A.D. 100,1
425,ca. 1000,2
678,ca. 1000 B.C. or later,1
88,ca. 1000-945 B.C.,25
1123,ca. 1000-950 B.C.,1
254,ca. 1020-35,5
1159,ca. 1021-36,1
401,ca. 1035-94,3
933,ca. 1036-94,1
218,ca. 1040-992 B.C.,6
13,ca. 1050 B.C.,302
364,ca. 1051 B.C.,3
352,ca. 1070 BC or later,3
370,ca. 1070-1000 B.C.,3
393,ca. 1070-1032 B.C.,3
330,ca. 1070-332 B.C.,4
188,ca. 1070-343 B.C,8
72,ca. 1070-343 B.C.,33
100,ca. 1070-525 B.C.,21
686,ca. 1070-525 BC,1
41,ca. 1070-664 B.C.,62
1107,ca. 1070-664 B.C. or later,1
309,ca. 1070-664 BC,4
107,ca. 1070-712 B.C.,18
618,ca. 1070-720 B.C,1
610,ca. 1070-889 B.C.,1
516,ca. 1070-900 B.C.,2
614,ca. 1070-945 B.C,1
51,ca. 1070-945 B.C.,51
293,ca. 1070-950 B.C.,4
1140,ca. 1086-332 B.C.,1
451,ca. 1094-1101,2
452,ca. 1126-1070 B.C.,2
551,ca. 1126-1108 B.C.,2
1045,ca. 1136-1129 B.C.,1
867,ca. 1143-1136 B.C.,1
1046,ca. 1143-1136 BC,1
835,ca. 1153-1143 B.C.,1
82,ca. 1153-1147 B.C.,27
725,ca. 1153-712 B.C.,1
1142,ca. 1184-1070 B.C.,1
142,ca. 1184-1153 B.C.,13
143,ca. 1184-664 B.C.,13
136,ca. 1186-1070 B.C.,14
798,ca. 1186-1184 B.C.,1
696,ca. 1186-525 B.C.,1
593,ca. 1186-600 BC,1
694,ca. 1186-664 B.C.,1
473,ca. 1186-712 B.C.,2
212,ca. 1186-945 B.C.,6
198,ca. 1188-1186 B.C.,7
50,ca. 1194-1188 B.C.,53
742,ca. 11th century,1
296,ca. 1200-1085 B.C.,4
550,ca. 1200-1186 B.C.,2
169,ca. 1200-1194 B.C.,9
269,ca. 1200-30 B.C.,5
662,ca. 1200-525 B.C.,1
429,ca. 1200-700 B.C.,2
1042,ca. 1213-1203 B.C.,1
1044,ca. 1237-1200 B.C.,1
508,ca. 1250-1070 B.C.,2
823,ca. 1258 B.C.,1
1043,ca. 1275-1070 B.C.,1
22,ca. 1279-1213 B.C.,134
1047,ca. 1279-1213 BC,1
252,ca. 1294-1213 B.C.,5
805,ca. 1294-1250 B.C.,1
182,ca. 1294-1279 B.C.,8
10,ca. 1295-1070 B.C.,357
791,ca. 1295-1070 B.C. or 1070-664 B.C.,1
541,ca. 1295-1070 B.C. or later,2
371,"ca. 1295-1070 B.C., later than",3
834,"ca. 1295-1070 B.C., probably later",1
688,ca. 1295-1170 B.C.,1
123,ca. 1295-1185 B.C.,15
131,ca. 1295-1186 B.C.,14
722,ca. 1295-1186B.C.,1
325,ca. 1295-1213 B.C.,4
1133,ca. 1295-1270 B.C.,1
189,ca. 1295-1294 B.C.,8
705,ca. 1295-343 B.C.,1
146,ca. 1295-525 B.C.,13
484,ca. 1295-664 B.C.,2
1102,ca. 1295-664 BC,1
369,ca. 1295-712 B.C.,3
790,ca. 1296-1321,1
668,ca. 1300-1200 B.C.,1
504,ca. 1300-1250 B.C.,2
1041,ca. 1301-1200 B.C.,1
966,ca. 1304-1237 B.C.,1
1011,ca. 1320,1
994,ca. 1320-1200 B.C.,1
866,ca. 1320-1237 B.C.,1
865,ca. 1323-1295 B.C.,1
300,"ca. 1323-1295 B.C., possibly",4
950,ca. 1325-30,1
786,ca. 1327-1323 B. C.,1
561,ca. 1327-1323 B.C.,2
1124,ca. 1329-35,1
446,ca. 1336-1213 B.C.,2
367,ca. 1336-1250 B.C.,3
500,ca. 1336-1295 B.C.,2
49,ca. 1336-1327 B.C.,54
856,ca. 1345-1335 B.C.,1
595,ca. 1349-1327 BC,1
964,ca. 1349-1330 B.C. or shortly thereafter,1
963,ca. 1349-1336 B.C.,1
843,ca. 1350-1070 BC,1
1070,ca. 1350-1295 B.C.,1
1056,ca. 1352 - 1336 B.C.,1
70,ca. 1352-1336 B.C.,34
258,ca. 1353-1295 B.C.,5
186,ca. 1353-1323 B.C.,8
547,ca. 1353-1327 B.C.,2
6,ca. 1353-1336 B.C.,393
294,ca. 1353-1336 BC,4
236,ca. 1390-1186 B.C.,6
480,ca. 1390-1213 B.C.,2
285,ca. 1390-1295 B.C.,4
1023,ca. 1390-1336 BC,1
249,ca. 1390-1349 B.C.,5
0,ca. 1390-1352 B.C.,1038
156,ca. 1390-1353 B.C.,11
988,ca. 1391-1353 B.C.,1
521,ca. 1400 B.C.,2
1184,ca. 1400-1200 B.C.,1
215,ca. 1400-1295 B.C.,6
542,ca. 1400-1300 B.C.,2
172,ca. 1400-1352 B.C.,9
77,ca. 1400-1390 B.C.,29
1080,ca. 1400-1390 BC,1
597,ca. 1410-1370 B.C.,1
748,ca. 1412-21,1
1101,ca. 1416-58,1
799,ca. 1420 B.C.,1
802,ca. 1425-1352 B.C.,1
292,ca. 1425-1400 B.C.,4
1021,ca. 1427 B.C.-1390 B.C.,1
1024,ca. 1427-1295 B.C.,1
360,ca. 1427-1352 B.C.,3
170,ca. 1427-1390 B.C.,9
71,ca. 1427-1400 B.C.,33
599,ca. 1427-1401 B.C.,1
1068,ca. 1444,1
1146,ca. 1450 B.C.,1
801,ca. 1450-1350 B.C.,1
549,ca. 1450-1400 B.C.,2
820,ca. 1458-1410 B.C.,1
986,ca. 1458-1425 B.C.,1
804,ca. 1460-1295 B.C.,1
776,ca. 1479-1070 B.C.,1
1006,ca. 1479-1295 B.C.,1
563,ca. 1479-1352 B.C.,2
803,ca. 1479-1390 B.C.,1
283,ca. 1479-1390 BC,4
672,ca. 1479-1391 B.C.,1
110,ca. 1479-1400 B.C.,18
545,ca. 1479-1420 B.C.,2
19,ca. 1479-1425 B.C.,155
777,ca. 1479-1429 B.C.,1
957,ca. 1479-1450 B.C.,1
450,ca. 1479-1453 B.C.,2
1,ca. 1479-1458 B.C.,768
23,ca. 1492-1473 B.C.,131
94,ca. 1492-1479 B.C.,24
936,ca. 150 B.C.-150 A.D.,1
899,ca. 150-100 B.C.,1
878,ca. 1500,1
217,ca. 1500-1400 B.C.,6
1144,ca. 1504-1400 B.C.,1
69,ca. 1504-1425 B.C.,34
29,ca. 1504-1447 B.C.,95
620,ca. 1504-1450 B.C.,1
288,ca. 1504-1458 B.C.,4
79,ca. 1504-1492 B.C.,27
1030,ca. 1525-1492 B.C.,1
58,ca. 1525-1504 B.C.,45
883,ca. 1550,1
704,ca. 1550 B.C.-1070 B.C.,1
606,ca. 1550-1000 B.C.,1
102,ca. 1550-1070 B.C.,21
174,ca. 1550-1186 B.C.,9
1181,ca. 1550-1275 B.C.,1
3,ca. 1550-1295 B.C.,484
720,ca. 1550-1295B.C.,1
1145,ca. 1550-1350 B.C.,1
95,ca. 1550-1352 B.C.,23
732,ca. 1550-1390 B.C.,1
372,ca. 1550-1391 B.C.,3
485,ca. 1550-1400 B.C.,2
74,ca. 1550-1425 B.C.,31
147,ca. 1550-1450 B.C.,12
37,ca. 1550-1458 B.C.,75
1060,ca. 1550-1475 B.C.,1
103,ca. 1550-1479 B.C.,20
1008,ca. 1550-1480 B.C.,1
391,ca. 1550-1500 B.C.,3
336,ca. 1550-1504 B.C.,4
56,ca. 1550-1525 B.C.,46
741,ca. 1550-525 B.C.,1
408,ca. 1550-664 B.C.,3
1141,ca. 1550-710 B.C.,1
984,ca. 1560-1458 B.C.,1
560,ca. 1560-1479 B.C.,2
348,ca. 1567-1482 B.C.,3
800,ca. 1570-1479 B.C.,1
639,ca. 1570-1492 B.C.,1
638,ca. 1570-1526 B.C.,1
493,ca. 1570-1550 B.C.,2
813,ca. 1580-1295 B.C.,1
97,ca. 1580-1479 B.C.,23
274,ca. 1580-1550 B.C.,5
572,ca. 1581-1541 B.C.,2
740,ca. 1600-1070 B.C.,1
259,ca. 1600-1500 B.C.,5
958,ca. 1600-1540 B.C.,1
982,ca. 1620-1581 B.C.,1
736,ca. 1625-1500 B.C.,1
564,ca. 1627-1601 B.C.,2
26,ca. 1635-1458 B.C.,100
1050,ca. 1635-1550 B.C.,1
920,ca. 1640-1470 B.C.,1
176,ca. 1640-1500 B.C.,9
190,ca. 1640-1504 B.C.,8
57,ca. 1640-1550 B.C.,45
793,ca. 1640-1600 B.C.,1
787,ca. 1648-1540 B.C.,1
552,ca. 1650-1550 BC,2
210,ca. 1700 B.C.,7
423,ca. 1700-1425 B.C.,2
836,ca. 1700-1450 B.C.,1
277,ca. 1700-1500 B.C.,4
208,ca. 1700-1550 B.C.,7
244,ca. 1700-1600 B.C.,5
225,ca. 1700-1676 B.C.,6
979,ca. 1711-1700 B.C.,1
685,ca. 1720-1717 B.C.,1
301,ca. 1731-1719 B.C.,4
101,ca. 1740-1640 B.C.,21
886,ca. 1741-1730 B.C.,1
266,ca. 1748-1741 B.C.,5
265,ca. 1750 B.C.,5
1020,ca. 1750-1550 B.C.,1
502,ca. 1750-1600 B.C.,2
338,ca. 1750-1640 B.C.,4
264,ca. 1750-1700 B.C.,5
569,ca. 1760-1640 B.C.,2
785,ca. 1760-1670  B.C.,1
61,ca. 1760-1670 B.C.,42
782,ca. 1763-1758 B.C.,1
783,ca. 1764-1759 B.C.,1
975,ca. 1765-1763 B.C.,1
809,ca. 1768-1765 B.C.,1
231,ca. 1770-1670 B.C.,6
976,ca. 1782-1780 B.C.,1
514,ca. 1783-1640 B.C.,2
178,ca. 1786-1482 B.C.,9
977,ca. 1787-1784 B.C.,1
797,ca. 17th century B.C.,1
1040,ca. 1800,1
779,ca. 1800-1500 B.C. or later,1
417,ca. 1800-1550 B.C.,3
928,ca. 1800-1600 B.C.,1
418,ca. 1800-1650 B.C.,3
48,ca. 1802-1450 B.C.,56
33,ca. 1802-1550 B.C.,87
282,ca. 1802-1575 B.C.,4
68,ca. 1802-1640 B.C.,34
862,ca. 1802-1640 B.C. check,1
938,ca. 1802-1640 BC,1
588,ca. 1802-1650 B.C.,2
490,ca. 1802-1650 BC,2
995,ca. 1802-1670 B.C.,1
895,ca. 1802-1676 B.C.,1
270,ca. 1802-1700 B.C.,5
961,ca. 1802-1749 B.C.,1
239,ca. 1805 B.C.,5
421,ca. 1810-1700 B.C.,3
562,ca. 1814-1805 B.C.,2
952,ca. 1814-1805 B.C. suggested,1
784,ca. 1820-1740 B.C.,1
996,ca. 1825-1750 B.C.,1
1063,ca. 1840-1640 B.C.,1
908,ca. 1850 - 1640 B.C.,1
983,ca. 1850 B.C.,1
298,ca. 1850-1070 B.C.,4
985,ca. 1850-1550 B.C.,1
28,ca. 1850-1640 B.C.,99
717,ca. 1850-1640 B.C. or 1295-1070 B.C.,1
268,ca. 1850-1650 B.C.,5
973,ca. 1850-1700  B.C.,1
981,ca. 1850-1700 B. C.,1
59,ca. 1850-1700 B.C.,44
916,ca. 1850-1700 B.C..,1
120,ca. 1850-1750 B.C.,16
794,ca. 1850-1750 B.C. probably,1
46,ca. 1850-1775 B.C.,57
201,ca. 1850-1800 B.C.,7
389,ca. 1850-1802 B.C.,3
226,ca. 1859-1640 B.C.,6
713,ca. 1859-1749 B.C.,1
1015,ca. 1859-1750 B.C.,1
238,ca. 1859-1770 B.C.,6
137,ca. 1859-1813 B.C.,14
960,ca. 1878-1640 B.C.,1
816,ca. 1878-1650 B.C.,1
284,ca. 1878-1749 B.C.,4
260,ca. 1878-1840 B.C.,5
1089,ca. 1886-1070 B.C.,1
788,ca. 1887-1425 B.C.,1
230,ca. 1887-1750 BC,6
60,ca. 1887-1813 B.C.,42
814,ca. 1887-1840 B.C.,1
419,ca. 1887-1878 B.C.,3
185,ca. 1897-1878 B.C.,8
98,ca. 1900 B.C.,22
968,ca. 1900-1500 B.C.,1
180,ca. 1900-1640 B.C.,9
310,ca. 1900-1800 B.C.,4
229,ca. 1900-1802 B.C.,6
195,ca. 1900-1850 B.C.,8
768,ca. 1900-1850 B.C..,1
811,ca. 1900-1885 B.C.,1
586,ca. 1919-1800 B.C.,2
807,ca. 1919-1840 B.C.,1
400,ca. 1919-1878 B.C.,3
228,ca. 1919-1885 B.C.,6
499,ca. 1920-1900 B.C.,2
498,ca. 1925-1900 B.C.,2
817,ca. 1950 B.C.,1
909,ca. 1950-1550 B.C.,1
855,ca. 1950-1640 B.C.,1
543,ca. 1950-1750 B.C.,2
362,ca. 1950-1804 B.C.,3
168,ca. 1950-1850 B.C.,9
115,ca. 1950-1885 B.C.,17
192,ca. 1950-1900 B.C.,8
559,ca. 1956-1953 B.C,2
532,ca. 1961-1840 B.C.,2
256,ca. 1961-1878 B.C.,5
32,ca. 1961-1917 B.C.,91
929,ca. 1961-1917 B.C. or later,1
320,ca. 1961-1954 B.C.,4
289,ca. 1962-1952 B.C.,4
991,ca. 1971-1952 B.C.,1
853,ca. 1978-1940 BC,1
537,ca. 1980-1550 B.C.,2
838,ca. 1980-1975 B. C.,1
53,ca. 1981-1295 B.C.,50
980,ca. 1981-1425 B.C.,1
390,ca. 1981-1458 B.C.,3
987,ca. 1981-1500 B.C.,1
394,ca. 1981-1504 B.C.,3
36,ca. 1981-1550 B.C.,78
910,ca. 1981-1600 B.C.,1
2,ca. 1981-1640 B.C.,552
173,ca. 1981-1650 B.C.,9
27,ca. 1981-1802 B.C.,99
792,ca. 1981-1803 B.C.,1
344,ca. 1981-1850 B.C.,3
885,ca. 1981-1878 B.C.,1
978,ca. 1981-1885 B.C.,1
927,ca. 1981-1900 B.C.,1
397,ca. 1981-1917 B.C.,3
335,ca. 1981-1950 B.C.,4
104,ca. 1981-1952 B.C.,20
9,ca. 1981-1975 B.C.,362
1022,ca. 1988-1952 B.C.,1
969,ca. 1990-1900 B.C.,1
87,ca. 1991-1450 B.C.,26
989,ca. 1991-1802 B.C.,1
758,ca. 1st-2nd century,1
611,ca. 1st-2nd century A.D,1
915,ca. 2000-1640 B. C.,1
955,ca. 2000-1917 B.C.,1
974,ca. 2000-1952 B.C.,1
388,ca. 2000-1988 B.C.,3
1183,ca. 2010-2000 B.C.,1
554,ca. 2010-2000 B.C. or ca. 2000-1981 B.C.,2
411,ca. 2020-2000 B.C.,3
997,ca. 2030 B.C.,1
841,ca. 2030-1295 B.C.,1
949,ca. 2030-1504 B.C.,1
396,ca. 2030-1550 B.C.,3
827,ca. 2030-1550 BC,1
4,ca. 2030-1640 B.C.,430
365,ca. 2030-1650 B.C.,3
858,ca. 2030-1650 BC,1
796,ca. 2030-1652 B.C.,1
519,ca. 2030-1802 B.C.,2
263,ca. 2030-1850 B.C.,5
849,ca. 2030-1917 BC,1
781,ca. 2030-1980 B.C.,1
144,ca. 2030-1981 B.C.,13
237,ca. 2030-2000 B.C.,6
917,ca. 2040-1458 B.C.,1
510,ca. 2040-1640 B.C.,2
511,ca. 2040-1802 B.C.,2
167,ca. 2050-2000 B.C.,9
155,ca. 2051-1981 B.C.,11
96,ca. 2051-2000 B.C.,23
31,ca. 2051-2030 B.C.,93
992,ca. 2059-2051 B.C.,1
191,ca. 2060-2010 B.C.,8
1090,ca. 210-180 B.C.,1
1019,ca. 2100-1650 B.C.,1
577,ca. 2100-1950 B.C.,2
414,ca. 2100-2010 B.C.,3
533,ca. 2100-2010 BC,2
299,ca. 2100-2030 B.C.,4
331,ca. 2100-2090 B.C.,4
441,ca. 2103-2101 B.C.,2
648,ca. 2107-2103 B.C.,1
139,ca. 2110-2030 B.C.,14
291,ca. 2120-1981 B.C.,4
118,ca. 2124-1504 B.C.,16
812,ca. 2124-1580 B.C.,1
114,ca. 2124-1981 B.C.,17
892,ca. 2124-1981 BC,1
780,ca. 2124-2000 B.C.,1
1147,ca. 2130-1981 B.C.,1
990,ca. 2140-1991 B.C.,1
567,ca. 2150-2040 B.C.,2
815,ca. 2150-2050 B.C.,1
1071,ca. 2150-2100 B.C.,1
839,ca. 2152-2100 B.C.,1
323,ca. 2200-2100 B.C.,4
402,ca. 2200-2152 B.C.,3
240,ca. 2246-2152 B.C.,5
1073,ca. 2255-2152 B.C.,1
1016,ca. 2255-2246 B.C.,1
738,ca. 2289-2246 BC,1
234,ca. 2289-2255 B.C.,6
818,ca. 230-150 BC,1
565,ca. 2323-2040 B.C.,2
278,ca. 2323-2100 B.C.,4
179,ca. 2323-2150 B.C.,9
1028,ca. 2323-2255 B.C.,1
251,ca. 2345-2181 B.C. or later,5
1085,ca. 2353-2150 B.C.,1
1014,ca. 2353-2152 B.C.,1
224,ca. 2353-2323 B.C.,6
151,ca. 2381-2323 B.C.,12
334,ca. 2381-2323 B.C. probably,4
546,"ca. 240,000-40,000",2
380,"ca. 240,000-40,000 B.C.",3
1000,ca. 2400-2150 B.C.,1
582,ca. 2400-2323 B.C.,2
999,ca. 2420-2250 B.C.,1
571,ca. 2420-2389 B.C.,2
587,ca. 2420-2389 B.C. or later,2
175,ca. 2446-2389 B.C.,9
576,ca. 2458-2446 B.C.,2
321,ca. 2465-2100 B.C.,4
304,ca. 2465-2150 B.C.,4
327,ca. 2465-2323 B.C.,4
1029,ca. 2465-2389 B.C.,1
404,ca. 2465-2458 B.C.,3
366,ca. 2475-2450 B.C.,3
1026,ca. 2490-2472 B.C.,1
761,ca. 250 B.C.,1
583,ca. 2500-2400 B.C.,2
653,ca. 2520-2472 B.C.,1
993,ca. 2528-2520 B.C. or later,1
857,ca. 2550 B.C.,1
1001,ca. 2550-2460 B.C.,1
193,ca. 2551-2528 B.C.,8
1053,ca. 2575-2450 B.C.,1
520,ca. 2575-2465 B.C.,2
1125,ca. 2575-2520 B.C.,1
399,ca. 2575-2551 B.C.,3
1031,ca. 2630-2611 B.C.,1
702,ca. 2649-1640 B.C.,1
703,ca. 2649-2030 B.C.,1
85,ca. 2649-2100 B.C.,27
339,ca. 2649-2465 B.C.,3
1025,ca. 2649-2630 B.C.,1
99,ca. 2650 B.C.,22
119,ca. 2750-2649 B.C.,16
652,ca. 2750-2650 B.C.,1
261,ca. 2880-2465 B.C.,5
1158,ca. 2900 B.C.,1
1163,ca. 2900-2650 B.C.,1
1160,ca. 2949 B.C.,1
83,ca. 2960-2649 B.C.,27
116,ca. 2960-2770 B.C.,16
701,ca. 30 B.C.-A.D. 364,1
650,"ca. 300,000-100,000 B.C.",1
111,"ca. 300,000-90,000 B.C.",18
436,ca. 3013-2999 B.C.,2
1161,ca. 3050 B.C.,1
164,ca. 3100 B.C.,10
62,ca. 3100-2649 B.C.,42
158,ca. 3100-2650 B.C.,11
78,ca. 3100-2900 B.C.,28
1157,ca. 3200 B.C.,1
205,ca. 3200-2650 B.C.,7
302,ca. 3200-3100 B.C.,4
1162,ca. 3300 B.C.,1
333,ca. 3300-2900 B.C.,4
456,ca. 3300-2960 B.C.,2
132,ca. 3300-3100 B.C.,14
594,ca. 332-200 B.C.,1
295,ca. 332-30 B.C.,4
925,ca. 3450-3200 B.C.,1
361,ca. 3450-3300 B.C.,3
1149,ca. 3450-3350 B.C.,1
646,"ca. 35,000-5000 B.C.",1
311,ca. 3500 B.C.,4
951,ca. 3500-2650 B.C.,1
842,ca. 3500-3100 B.C.,1
122,ca. 3500-3300 B.C.,15
649,ca. 3500-5000 B.C.,1
860,ca. 360-300 B.C,1
80,ca. 360-300 BC,27
475,ca. 3650-2960 B.C.,2
312,ca. 3650-3100 B.C.,4
127,ca. 3650-3300 B.C.,15
1037,ca. 3650-3450 B.C.,1
157,ca. 3650-3500 B.C.,11
262,ca. 3700-3450 B.C.,5
314,ca. 3700-3500 B.C.,4
466,ca. 3700-3650 B.C.,2
821,ca. 380-343 B.C.,1
651,ca. 3800-3600 B.C.,1
138,ca. 3850-2300 B.C.,14
18,ca. 3850-2960 B.C.,164
1153,ca. 3850-3300 B.C.,1
149,ca. 3900-3500 B.C.,12
515,ca. 3900-3650 B.C.,2
1151,ca. 3900-3700 B.C.,1
165,ca. 400 B.C.-100 A.D.,10
544,"ca. 400,000-240,000 B.C.",2
718,ca. 400-200 B.C.,1
617,ca. 400-250 B.C,1
412,ca. 400-30 B.C.,3
340,ca. 4000-3800 B.C.,3
196,ca. 4400-3800 B.C.,8
92,ca. 4500-4000 B.C.,24
847,ca. 4th century B.C. or later,1
1197,ca. 50 B.C.-50 A.D.,1
743,ca. 5000-3100 B.C.,1
615,ca. 5000-3900 B.C.,1
824,ca. 550-30 B.C.,1
458,ca. 570-526 B.C.,2
912,ca. 588-526 BC,1
789,ca. 595-570 B.C.,1
324,ca. 600,4
674,ca. 600 BC,1
363,ca. 600-30 B.C.,3
474,ca. 630 B.C.,2
497,ca. 630 BC,2
403,ca. 664-200 B.C.,3
220,ca. 664-30 B.C.,6
621,ca. 664-332 B.C,1
248,ca. 664-332 B.C.,5
757,ca. 664-332 BC,1
471,ca. 664-343 B.C,2
512,ca. 664-525 B.C,2
290,ca. 664-525 B.C.,4
778,ca. 664-525 B.C. or later,1
884,ca. 680-650 B.C.,1
319,ca. 680-670 B.C.,4
506,ca. 688-332 B.C,2
624,ca. 688-332 B.C.,1
941,ca. 688-525 B.C,1
592,ca. 688-525 B.C.,1
1051,ca. 690-650 B.C.,1
376,ca. 6900-3100 B.C.,3
517,ca. 6th century,2
830,ca. 6th-4th century B.C.,1
737,"ca. 7,000 B.C. or later",1
536,"ca. 7,000-5,000 B.C.",2
753,ca. 700 B.C.,1
590,ca. 700-300 B.C.,1
1034,ca. 700-332 B.C.,1
657,ca. 700-500 B.C.,1
604,ca. 700-525 B.C.,1
1065,ca. 7000-4500 B.C.,1
1027,ca. 707-690 BC,1
386,ca. 710-640 B.C.,3
86,ca. 712-30 B.C.,27
129,ca. 712-332 B.C.,15
154,ca. 712-343 B.C.,11
113,ca. 712-525 B.C.,17
1175,ca. 712-650 B.C.,1
483,ca. 712-660 B.C. or later,2
613,ca. 712-663 B.C.,1
250,ca. 712-664 B.C.,5
744,ca. 715-650 BC,1
873,ca. 722-650 B.C. or somewhat later,1
424,ca. 724-525 B.C.,2
756,ca. 730-332 B.C.,1
1062,ca. 730-664 B.C.,1
353,ca. 733-664 B.C.,3
518,ca. 740-700 B.C.,2
914,ca. 743-656 B.C.,1
833,ca. 747-664 B.C.,1
349,ca. 750-525 B.C.,3
430,ca. 750-600 B.C.,2
232,ca. 750-700 B.C.,6
368,ca. 760-332 BC,3
795,ca. 760-664 B.C.,1
1114,ca. 800-525 B.C.,1
700,ca. 800-595 B.C.,1
280,ca. 800-650 BC,4
627,ca. 818-332 B.C.,1
482,ca. 818-700 B.C.,2
315,ca. 825-712 B.C.,4
472,ca. 825-773 B.C.,2
631,ca. 850-700 B.C.,1
281,"ca. 90,000-35,000 B.C.",4
150,"ca. 90,000-5,000 B.C.",12
318,ca. 908-32,4
923,ca. 918-23,1
905,ca. 924-600 B.C.,1
242,ca. 924-889 B.C.,5
317,ca. 934-40,4
945,ca. 945-52,1
108,ca. 945-525 B.C.,18
1057,ca. 945-600 B.C.,1
712,ca. 945-664 BC,1
427,ca. 945-700 B.C.,2
378,ca. 945-712 B.C.,3
528,ca. 945-712 BC,2
392,ca. 945-715 B.C.,3
600,ca. 945-722 B.C.,1
479,ca. 945-924 B.C.,2
305,ca. 946-74,4
859,ca. 969-959 B.C.,1
680,ca. 975-900 B.C.,1
1054,ca. 975-945 B.C.,1
469,ca. 975-96,2
735,ca. 980-930 B.C.,1
385,ca. 990-969 B.C.,3
5,ca. 990-970 B.C.,397
464,ca. 991-1031,2
346,ca. 9th century,3
896,ca. 9th-10th century,1
356,ca. A.D. 125,3
759,ca. A.D. 161-180,1
1087,ca. A.D. 250,1
1192,ca. A.D. 50,1
1207,ca.125,1
1143,completed by 10 B.C.,1
125,dated 1296,15
1004,dated 1315 AH,1
644,dated 282 AH,1
447,dated 288 AH,2
1154,dated 300 AH,1
932,dated 304 AH,1
926,dated 308 AH,1
919,dated 310 AH,1
924,dated 320 AH,1
1156,dated 328 AH,1
581,dated 363 AH,2
525,dated 366 AH,2
918,dated 375 AH,1
655,dated 401 AH,1
921,dated 450 AH,1
888,dated 581 AH,1
616,"dated June 4, 1036",1
864,early 11th century,1
316,early 14th century,4
1186,early 15th or 19th century,1
605,early 7th century,1
478,first half 11th century,2
409,first half 14th century,3
889,first half 15th century,1
881,first quarter 11th century,1
495,last quarter 10th century,2
420,last quarter 16th century,3
922,late 10th century,1
395,late 11th century,3
934,late 11th-12th century,1
1194,late 11th-early 12th century,1
942,late 13th century,1
903,late 13th-14th century,1
461,late 13th-15th century,2
413,late 13th-early 14th century,3
904,late 14th-mid-15th century,1
1084,late 15th century,1
465,late 15th-early 16th century,2
940,late 16th-17th century,1
939,late 17th century,1
746,late 19th century,1
773,late 1st century BC-mid 4th century AD or later,1
894,late 1st-2nd century,1
462,late 3rd century BC-1st century AD,2
762,late 3rd to 4th Century A.D.,1
710,late 3rd-2nd century B.C.,1
1108,late 3rd-4th century,1
628,late 3rd-5th century,1
1131,late 6th century-mid 8th century,1
438,late 6th-7th century,2
1134,late 6th-mid-8th century,1
1111,late 7th-9th century,1
675,late 8th-mid 7th century B.C.,1
879,late 9th century,1
163,mid 10th-late 8th century BC,10
1148,mid-10th century,1
209,mid-11th century,7
898,mid-14th century,1
455,mid-15th century,2
574,original ca. 1294-1279 B.C.,2
1075,original ca. 1400-1352 B.C.,1
970,original ca. 1479-1458 B.C.,1
1208,possibly 19th century,1
222,probably 10th-12th century,6
406,probably 11th century,3
435,probably 11th-12th century,2
877,probably 12th century,1
661,probably 12th-14th century,1
667,probably 12th-15th century,1
491,probably 13th-14th century,2
897,probably 13th-16th century,1
1103,probably 14th century,1
1105,probably 14th-15th century,1
1086,probably 15th century,1
871,probably 16th century,1
1002,probably 19th century,1
715,probably 1st century A.D.,1
1137,probably 360-343 B.C.,1
276,probably 5th century,5
660,probably 5th-6th century,1
1179,probably 5th-8th century,1
637,probably 6th-7th century,1
602,probably 7th century,1
636,probably 7th-8th century,1
887,probably 8th-10th century,1
687,probably ca. 1850-1640 B.C.,1
463,probably early 15th century,2
902,probably second half 13th century,1
405,second half 10th century,3
415,second half 13th century,3
432,second half 13th-14th century,2
880,second half 15th century,1
1010,second half 4th century,1
893,second half of 12th century,1
1064,shortly after 1285,1
199,unknown,7
